domain,company_name,greenhouse_board,lever_company,careers_url,website_url,news_query,news_rss,reddit_query
zop.dev,Zopdev,,,,https://zop.dev,"zopday OR zopnight OR zop.dev infrastructure automation OR finops",,"zopday OR zopnight OR \"infrastructure automation\" OR finops"
tataconsumer.com,Tata Consumer Products,,,,https://www.tataconsumer.com,"Tata Consumer cloud transformation OR SAP migration OR data platform OR cost optimization OR compliance",,
coca-colaindia.com,Coca-Cola India,,,,https://www.coca-colaindia.com,"Coca-Cola India digital transformation OR supply chain platform OR cloud modernization OR cost optimization",,
diageoindia.com,Diageo India,,,,https://www.diageoindia.com,"Diageo India cloud transformation OR SAP OR data platform OR compliance OR cost governance",,
tatadigital.com,Tata Digital,,,,https://www.tatadigital.com,"Tata Digital platform engineering OR SRE OR multi-cloud OR cost governance OR compliance",,
condenast.com,Conde Nast,,,,https://www.condenast.com,"Conde Nast platform engineering OR cloud cost OR kubernetes OR security compliance",,
hul.co.in,Hindustan Unilever,,,,https://www.hul.co.in,"Hindustan Unilever digital transformation OR cloud migration OR cost optimization OR governance",,
pepsicoindia.co.in,PepsiCo India,,,,https://www.pepsicoindia.co.in,"PepsiCo India cloud transformation OR data platform OR finops OR governance",,
britannia.co.in,Britannia Industries,,,,https://www.britannia.co.in,"Britannia cloud modernization OR cybersecurity OR compliance OR cost optimization",,
dabur.com,Dabur India,,,,https://www.dabur.com,"Dabur digital transformation OR cloud migration OR compliance OR platform engineering",,
marico.com,Marico,,,,https://www.marico.com,"Marico cloud migration OR enterprise platform OR security compliance OR finops",,
godrejcp.com,Godrej Consumer Products,,,,https://www.godrejcp.com,"Godrej Consumer Products cloud transformation OR governance OR cost optimization",,
nestle.in,Nestle India,,,,https://www.nestle.in,"Nestle India digital transformation OR cloud platform OR security compliance OR cost governance",,
itcportal.com,ITC,,,,https://www.itcportal.com,"ITC digital transformation OR cloud migration OR platform engineering OR governance",,
relianceretail.com,Reliance Retail,,,,https://www.relianceretail.com,"Reliance Retail cloud transformation OR e-commerce platform OR finops OR governance",,
bigbasket.com,BigBasket,,,,https://www.bigbasket.com,"BigBasket platform engineering OR kubernetes OR cloud cost optimization OR SRE",,
swiggy.com,Swiggy,,,,https://www.swiggy.com,"Swiggy platform engineering OR SRE OR cost optimization OR governance",,
zomato.com,Zomato,,,,https://www.zomato.com,"Zomato cloud cost optimization OR platform engineering OR reliability OR governance",,
nykaa.com,Nykaa,,,,https://www.nykaa.com,"Nykaa digital commerce platform OR cloud optimization OR compliance OR governance",,
